<?xml version="1.0" encoding="UTF-8"?>
<metadata modelVersion="1.1.0">
  <groupId>org.springframework.boot</groupId>
  <artifactId>spring-boot</artifactId>
  <version>2.2.0.BUILD-SNAPSHOT</version>
  <versioning>
    <snapshot>
      <timestamp>20190416.042134</timestamp>
      <buildNumber>244</buildNumber>
    </snapshot>
    <lastUpdated>20190416042136</lastUpdated>
    <snapshotVersions>
      <snapshotVersion>
        <classifier>javadoc</classifier>
        <extension>jar</extension>
        <value>2.2.0.BUILD-20190416.042134-244</value>
        <updated>20190416042134</updated>
      </snapshotVersion>
      <snapshotVersion>
        <classifier>sources</classifier>
        <extension>jar</extension>
        <value>2.2.0.BUILD-20190416.042134-244</value>
        <updated>20190416042134</updated>
      </snapshotVersion>
      <snapshotVersion>
        <extension>jar</extension>
        <value>2.2.0.BUILD-20190416.042134-244</value>
        <updated>20190416042134</updated>
      </snapshotVersion>
      <snapshotVersion>
        <extension>pom</extension>
        <value>2.2.0.BUILD-20190416.042134-244</value>
        <updated>20190416042134</updated>
      </snapshotVersion>
    </snapshotVersions>
  </versioning>
</metadata>
