<?xml version="1.0" encoding="UTF-8"?>
<metadata modelVersion="1.1.0">
  <groupId>org.springframework.boot</groupId>
  <artifactId>spring-boot-starters</artifactId>
  <version>2.2.0.BUILD-SNAPSHOT</version>
  <versioning>
    <snapshot>
      <timestamp>20190416.042130</timestamp>
      <buildNumber>244</buildNumber>
    </snapshot>
    <lastUpdated>20190416042130</lastUpdated>
    <snapshotVersions>
      <snapshotVersion>
        <extension>pom</extension>
        <value>2.2.0.BUILD-20190416.042130-244</value>
        <updated>20190416042130</updated>
      </snapshotVersion>
      <snapshotVersion>
        <classifier>starter-poms</classifier>
        <extension>zip</extension>
        <value>2.2.0.BUILD-20190416.042130-244</value>
        <updated>20190416042130</updated>
      </snapshotVersion>
    </snapshotVersions>
  </versioning>
</metadata>
