<?xml version="1.0" encoding="UTF-8"?>
<metadata modelVersion="1.1.0">
  <groupId>org.springframework.boot</groupId>
  <artifactId>spring-boot-starter-amqp</artifactId>
  <version>2.2.0.BUILD-SNAPSHOT</version>
  <versioning>
    <snapshot>
      <timestamp>20190416.042103</timestamp>
      <buildNumber>244</buildNumber>
    </snapshot>
    <lastUpdated>20190416042103</lastUpdated>
    <snapshotVersions>
      <snapshotVersion>
        <extension>jar</extension>
        <value>2.2.0.BUILD-20190416.042103-244</value>
        <updated>20190416042103</updated>
      </snapshotVersion>
      <snapshotVersion>
        <extension>pom</extension>
        <value>2.2.0.BUILD-20190416.042103-244</value>
        <updated>20190416042103</updated>
      </snapshotVersion>
    </snapshotVersions>
  </versioning>
</metadata>
